{"cameraMode":{"drawMode":0,"name":"Shaded","section":"Shading Mode"},"sceneLighting":false,"audioPlay":false,"sceneViewState":{"m_AlwaysRefresh":false,"showFog":true,"showSkybox":false,"showFlares":true,"showImageEffects":true,"showParticleSystems":true,"showVisualEffectGraphs":true,"m_FxEnabled":true},"in2DMode":false,"pivot":{"x":-0.0012368032475933433,"y":0.0003671125159598887,"z":-0.00016225711442530155},"rotation":{"x":-0.011797181330621243,"y":-0.18342730402946473,"z":-0.0021922553423792125,"w":0.9828826785087586},"size":0.0013930276036262513,"orthographic":false}